mun,msle
riodejaneiro,0.12033670401197662
riodejaneiro,0.12033670401197662
brasília,0.10981234228477571
salvador,0.11760962972670155
fortaleza,0.11931519599643524
belohorizonte,0.11470939792569161
manaus,0.14887800191295017
curitiba,0.12101700043212192
goiânia,0.09548733344783013
belém,0.10010091227616404
portoalegre,0.12804206686439734
sãoluís,0.11554081288831346
maceió,0.11084959307445946
sãopaulo,0.11733847925985018
