mun,msle
sãopaulo,0.1399413606646038
riodejaneiro,0.20157966596626412
brasília,0.19175464721034088
salvador,0.3095134117757332
fortaleza,0.12601279396484544
belém,0.31264477517046174
belohorizonte,0.11646127873117115
portoalegre,0.13820987726858835
goiânia,0.15566237265574506
curitiba,0.11907034878749843
manaus,0.2192631215751493
sãoluís,0.18702684127665256
maceió,0.16421186940254254
