mun,msle
sãopaulo,0.1388232487465106
riodejaneiro,0.2018335773116589
brasília,0.1957797887854393
salvador,0.3152481784189782
fortaleza,0.12637802632835904
belohorizonte,0.11680149929013604
manaus,0.2244073102274452
curitiba,0.1200176771853595
goiânia,0.1514591472603819
belém,0.31487935022188784
portoalegre,0.1398247039260208
sãoluís,0.19318602353116382
maceió,0.16091411073168949
